lr,228
lr,230
lr,232
lr,234
lr,236
lr,238
lr,240
lr,242
lr,244
lr,246
lr,248
lr,250
lr,252
lr,254
lr,256
lr,258
lr,262
lr,264
lr,266
lr,268
lr,270
lr,272
lr,274
lr,276
lr,278
lr,280
lr,282
lr,284
lr,286
lr,288
lr,290
lr,292
lr,294
lr,296
lr,298
lr,300
lr,302
lr,304
lr,306
lr,308
lr,310
Noah,314
lr,316
lr,318
lr,320
lr,322
lr,324
lr,326
lr,328
lr,330
Leo,334
Leo,336
Leo,338
lr,340
lr,342
Moritz,344
Maxim,346
Jenny,350
Moritz,352
Leo,354
Leo,358
lr,360
annakennstdunicht,362
annakennstdunicht,364
annakennstdunicht,366
annakennstdunicht,368
Leo,370
Leo,372
Leo,374
Adrian,376
lr,378
Noah,380
lr,382
Schwub25,384
Celine,386
lr,388
jan,390
Schwub25,392
Jenny,394
lr,396
Jenny,398
Jenny,399
Jenny,402
Jenny,404
lr,406
lr,408
Jenny,410
Jenny,412
Jojo,414
Celine,416
Celine,418
Celine,420
Jenny,422
Jenny,424
Jenny,426
Jenny,428
Jenny,430
lr,432
lr,434
lr,436
lr,438
lr,440
lr,442
lr,444
lr,446
lr,448
lr,450
lr,452
lr,454
lr,456
lr,458
lr,460
lr,462
lr,464
lr,466
lr,468
lr,470
lr,472
lr,474
lr,476
lr,478
lr,480
lr,482
lr,484
lr,486
lr,488
lr,490
lr,492
Noah,495
Noah,494
lr,498
lr,500
lr,502
lr,504
lr,506
Noah,508
lr,510
lr,512
lr,514
lr,516
lr,518
lr,520
lr,522
lr,524
lr,526
lr,528
lr,530
lr,532
lr,534
lr,536
Noah,538
lr,540
lr,542
lr,544
lr,546
lr,548
lr,550
lr,552
lr,554
lr,556
lr,558
lr,560
lr,562
lr,564
lr,566
lr,568
lr,570
lr,572
lr,574
lr,576
lr,578
lr,580
lr,582
lr,584
lr,586
lr,588
lr,590
lr,592
lr,594
lr,596
lr,598
lr,600
lr,602
lr,604
lr,606
lr,608
lr,610
lr,612
lr,614
lr,616
lr,618
lr,620
lr,622
lr,624
lr,626
lr,628
lr,630
lr,632
lr,634
lr,636
lr,638
lr,640
lr,642
lr,644
lr,646
lr,648
lr,650
lr,652
lr,654
lr,656
lr,658
lr,660
lr,662
lr,664
lr,666
lr,668
lr,670
lr,672
lr,674
lr,676
lr,678
lr,680
lr,682
lr,684
lr,686
lr,688
lr,690
lr,692
lr,694
lr,696
lr,698
lr,700
lr,702
lr,704
lr,706
lr,708
lr,710
lr,712
lr,714
iantuero,716
lr,718
lr,720
lr,722
lr,724
lr,726
lr,728
lr,730
lr,732
Schwub25,734
Leo,736
Schwub25,738
lr,740
lr,742
lr,744
lr,746
lr,748
lr,750
lr,752
lr,754
lr,756
lr,758
lr,760
lr,762
lr,764
lr,766
lr,768
lr,770
lr,772
lr,774
lr,776
lr,778
lr,780
lr,782
lr,784
lr,786
lr,788
lr,790
lr,792
lr,794
lr,796
lr,798
lr,800
lr,802
lr,804
lr,806
lr,808
lr,810
lr,812
lr,814
lr,816
lr,818
lr,820
lr,822
lr,824
lr,826
lr,828
lr,830
lr,832
lr,834
lr,836
lr,838
lr,840
lr,842
lr,844
lr,846
lr,848
lr,850
lr,852
lr,854
lr,856
lr,858
lr,860
lr,862
lr,864
lr,866
lr,868
lr,870
lr,872
lr,874
lr,876
lr,878
lr,880
lr,882
lr,884
lr,886
lr,888
lr,890
lr,892
lr,894
lr,896
lr,898
lr,900
lr,902
lr,904
lr,906
lr,908
lr,910
lr,912
lr,914
lr,916
lr,918
lr,920
lr,922
lr,924
lr,926
lr,928
lr,930
lr,932
lr,934
lr,936
lr,938
lr,940
lr,942
lr,944
lr,946
lr,948
lr,950
lr,952
lr,954
lr,956
lr,958
lr,960
lr,962
lr,964
Celine,966
Celine,968
iantuero,970
Celine,972
Jojo,974
Celine,976
iantuero,978
iantuero,980
iantuero,982
Jenny,984
Celine,986
Schwub25,988
Schwub25,990
Celine,992
Celine,994
lr,996
jan,998
lr,1000
lr,1002
lr,1004
Celine,1006
Jenny,1008
